4,Judicaël,Kamen,In.ppt,2.82,1,4,2023-06-13,2023-06-14
5,Pò,Elis,Nisl.mov,58.57,2,5,2023-06-14,2023-06-15
6,Håkan,Broomhall,Elit.ppt,47.92,3,6,2023-06-15,2023-06-16
7,Adélaïde,Matitiaho,LeoOdioCondimentum.xls,98.8,1,7,2023-06-16,2023-06-17
8,Bérangère,Glide,PellentesqueVolutpat.doc,49.08,2,8,2023-06-17,2023-06-18
9,Angélique,Clarae,Nulla.gif,33.5,3,9,2023-06-18,2023-06-19
10,Célestine,Panniers,OrciLuctus.ppt,78.75,1,10,2023-06-19,2023-06-20
11,Bécassine,Mattsson,InPorttitor.avi,24.9,2,11,2023-06-20,2023-06-21
12,Cloé,Andresen,CongueVivamusMetus.doc,15.6,3,12,2023-06-21,2023-06-22
13,Méng,O'Heaney,SapienCursusVestibulum.ppt,32.71,1,13,2023-06-22,2023-06-23
14,Mélanie,Rummins,EuInterdum.xls,37.54,2,14,2023-06-23,2023-06-24
15,Styrbjörn,Bubb,Eleifend.jpeg,51.86,3,15,2023-06-24,2023-06-25
16,Lài,Maplethorpe,Morbi.tiff,99.63,1,16,2023-06-25,2023-06-26
17,Mélanie,Woodward,CrasNon.avi,18.1,2,17,2023-06-26,2023-06-27
18,Anaé,Di Carli,RisusAuctor.doc,45.75,3,18,2023-06-27,2023-06-28
19,Félicie,Vasilischev,HabitassePlateaDictumst.ppt,69.12,1,19,2023-06-28,2023-06-29
20,Görel,Dufton,Semper.tiff,12.82,2,20,2023-06-29,2023-06-30
21,Océane,Fullerd,PlateaDictumst.ppt,77.43,3,21,2023-06-30,2023-07-01
22,Marie-thérèse,Dumingo,AmetEleifendPede.ppt,40.73,1,22,2023-07-01,2023-07-02
23,Thérèse,Ricardo,NonLigulaPellentesque.txt,81.4,2,23,2023-07-02,2023-07-03
24,Märta,Chene,NullamMolestie.xls,14.76,3,24,2023-07-03,2023-07-04
25,Aloïs,Tixier,QuisquePortaVolutpat.mp3,18.44,1,25,2023-07-04,2023-07-05
26,Inès,Fawcett,VelSemSed.mp3,9.67,2,26,2023-07-05,2023-07-06
27,Ophélie,Rigate,Tincidunt.mp3,41.14,3,27,2023-07-06,2023-07-07
28,Marie-josée,Kingsnoad,IntegerTincidunt.avi,12.52,1,28,2023-07-07,2023-07-08
29,Torbjörn,Shyram,AliquetAt.xls,87.85,2,29,2023-07-08,2023-07-09
30,Eléonore,Sokill,SapienCursus.xls,7.3,3,30,2023-07-09,2023-07-10
31,Valérie,Derrett,DapibusAugue.gif,73.06,1,31,2023-07-10,2023-07-11
32,Océanne,Tossell,ConvallisEgetEleifend.doc,98.64,2,32,2023-07-11,2023-07-12
33,Dorothée,McKall,InterdumVenenatis.ppt,35.35,3,33,2023-07-12,2023-07-13
34,Camélia,Harrowell,VenenatisLaciniaAenean.ppt,7.93,1,34,2023-07-13,2023-07-14
35,Maï,Tunnoch,Aliquam.txt,15.28,2,35,2023-07-14,2023-07-15
36,Léonore,Galia,Nulla.ppt,67.1,3,36,2023-07-15,2023-07-16
37,Véronique,Schlagh,LaciniaEratVestibulum.mp3,3.09,1,37,2023-07-16,2023-07-17
38,Kévina,Kubecka,OdioCondimentum.jpeg,60.52,2,38,2023-07-17,2023-07-18
39,Andréa,Beddon,SemperEstQuam.avi,49.79,3,39,2023-07-18,2023-07-19
40,Gösta,Ingham,ProinAtTurpis.avi,47.5,1,40,2023-07-19,2023-07-20
41,Cloé,Heugle,Rutrum.xls,94.87,2,41,2023-07-20,2023-07-21
42,Publicité,Dallas,Mattis.gif,24.91,3,42,2023-07-21,2023-07-22
43,Björn,Wyper,LuctusNecMolestie.txt,76.23,1,43,2023-07-22,2023-07-23
44,Néhémie,Slane,Erat.ppt,11.55,2,44,2023-07-23,2023-07-24
45,Sòng,Ambrosi,AnteVel.ppt,85.51,3,45,2023-07-24,2023-07-25
46,Jú,Largan,IdNullaUltrices.mp3,41.92,1,46,2023-07-25,2023-07-26
47,Félicie,Harrad,Vivamus.xls,7.02,2,47,2023-07-26,2023-07-27
48,Valérie,Blest,NamDui.jpeg,78.37,3,48,2023-07-27,2023-07-28
49,Märta,Birdwistle,QuisOrciNullam.avi,28.88,1,49,2023-07-28,2023-07-29
50,Mélodie,Batson,VelitNec.ppt,74.19,2,50,2023-07-29,2023-07-30
51,Mårten,Gibbens,NullaSed.tiff,73.34,3,51,2023-07-30,2023-07-31
52,Marlène,Skae,SemperEstQuam.mp3,98.2,1,52,2023-07-31,2023-08-01
53,Cinéma,Belderfield,AugueAliquam.mp3,18.61,2,53,2023-08-01,2023-08-02
54,Bénédicte,Bartrum,Mauris.mp3,13.51,3,54,2023-08-02,2023-08-03
55,Léandre,McGregor,SapienCumSociis.mpeg,5.21,1,55,2023-08-03,2023-08-04
56,Naëlle,Hertwell,MusEtiam.avi,42.14,2,56,2023-08-04,2023-08-05
57,Yú,Wigsell,HabitassePlatea.jpeg,14.85,3,57,2023-08-05,2023-08-06
58,Méthode,Rugieri,MorbiUt.mp3,17.59,1,58,2023-08-06,2023-08-07
59,Véronique,Marris,CrasInPurus.txt,18.25,2,59,2023-08-07,2023-08-08
60,Táng,Tejero,Euismod.jpeg,53.44,3,60,2023-08-08,2023-08-09
61,Táng,Vickery,SapienCursus.txt,65.32,1,61,2023-08-09,2023-08-10
62,Esbjörn,Ingles,SitAmet.avi,47.02,2,62,2023-08-10,2023-08-11
63,Dù,Cahalin,VelDapibus.mp3,23.68,3,63,2023-08-11,2023-08-12
64,Frédérique,Inglesent,DuisAliquamConvallis.xls,43.57,1,64,2023-08-12,2023-08-13
65,Eliès,Orht,SodalesScelerisque.mp3,72.07,2,65,2023-08-13,2023-08-14
66,Maëlyss,Schneidar,PorttitorLacusAt.xls,13.12,3,66,2023-08-14,2023-08-15
67,Vérane,Wharmby,Bibendum.avi,78.11,1,67,2023-08-15,2023-08-16
68,Mélinda,Prozescky,UtVolutpatSapien.ppt,35.65,2,68,2023-08-16,2023-08-17
69,Célestine,Josefs,Nibh.mov,97.45,3,69,2023-08-17,2023-08-18
70,Lén,Lanktree,InQuam.avi,52.19,1,70,2023-08-18,2023-08-19
71,Marie-josée,Winley,CurabiturGravida.ppt,38.45,2,71,2023-08-19,2023-08-20
72,Andréanne,Sainteau,PotentiCrasIn.tiff,94.16,3,72,2023-08-20,2023-08-21
73,Cloé,Olivey,ElitSodalesScelerisque.tiff,25.13,1,73,2023-08-21,2023-08-22
74,Marlène,Lorraine,At.tiff,16.87,2,74,2023-08-22,2023-08-23
75,Cinéma,Bowdon,Sollicitudin.jpeg,18.8,3,75,2023-08-23,2023-08-24
76,Ruò,Joslin,ElementumPellentesque.ppt,44.92,1,76,2023-08-24,2023-08-25
77,Léonie,Alejo,LuctusEtUltrices.mov,78.58,2,77,2023-08-25,2023-08-26
78,Fèi,Newlands,CommodoPlacerat.jpeg,82.09,3,78,2023-08-26,2023-08-27
79,Maïly,Richter,LaoreetUtRhoncus.xls,28.71,1,79,2023-08-27,2023-08-28
80,Véronique,O'dell,VelitId.xls,16.94,2,80,2023-08-28,2023-08-29
81,Mårten,Grovier,FelisEuSapien.jpeg,61.81,3,81,2023-08-29,2023-08-30
82,Médiamass,Le Clercq,SitAmetCursus.avi,67.0,1,82,2023-08-30,2023-08-31
83,Michèle,Hoyes,Curabitur.mp3,26.64,2,83,2023-08-31,2023-09-01
84,Naëlle,Mudle,Purus.pdf,11.12,3,84,2023-09-01,2023-09-02
85,Yáo,Sutterby,MorbiVestibulum.png,35.78,1,85,2023-09-02,2023-09-03
86,Noémie,Halton,Vel.pdf,84.59,2,86,2023-09-03,2023-09-04
87,Kallisté,Ioan,TristiqueInTempus.pdf,14.01,3,87,2023-09-04,2023-09-05
88,Clémence,Pighills,NequeSapien.jpeg,82.09,1,88,2023-09-05,2023-09-06
89,Bécassine,Craven,TinciduntEu.mp3,31.22,2,89,2023-09-06,2023-09-07
90,Mélina,Oldham,Tortor.jpeg,72.86,3,90,2023-09-07,2023-09-08
91,Frédérique,Scatchar,SociisNatoquePenatibus.ppt,59.09,1,91,2023-09-08,2023-09-09
92,Eugénie,Moncreiffe,Phasellus.tiff,17.19,2,92,2023-09-09,2023-09-10
93,Lorène,Bottom,Sit.gif,98.14,3,93,2023-09-10,2023-09-11
94,Mégane,Petrelli,Lacinia.xls,51.11,1,94,2023-09-11,2023-09-12
95,Maëlle,Shakelade,NibhInQuis.mpeg,17.05,2,95,2023-09-12,2023-09-13
96,Audréanne,Banbrigge,VelAugueVestibulum.mp3,53.48,3,96,2023-09-13,2023-09-14
97,Maëlann,Aughtie,InSagittisDui.mov,5.64,1,97,2023-09-14,2023-09-15
98,Réjane,Ciccetti,Quisque.pdf,51.9,2,98,2023-09-15,2023-09-16
99,Vénus,Brolan,PenatibusEt.tiff,67.21,3,99,2023-09-16,2023-09-17
100,Cloé,Balassa,Vestibulum.ppt,28.79,1,100,2023-09-17,2023-09-18
