4,Eldredge Hutchence,dputt3@godaddy.com,"mV2?=h,SDNx_f&G",2023-11-17 18:01:19,2023-11-17 18:01:20
5,Leora Argue,rolivari4@jalbum.net,"eJ3>>qj,yevw?Hh",2023-11-17 00:00:00,2023-11-17 00:00:00
6,Francesca Seakin,dmonnelly5@google.com.br,jY9\W(p.*p7D,2023-11-17 00:00:00,2023-11-17 00:00:00
7,Katlin Palister,mfinden6@dedecms.com,wU9.CXlu?~EH7b,2023-11-17 00:00:00,2023-11-17 00:00:00
8,Galven Heball,zbusch7@europa.eu,yF9$5G~hKe5dr(4+,2023-11-17 00:00:00,2023-11-17 00:00:00
9,Augustin Clilverd,pwimms8@dyndns.org,qY5\q%}{n/j+N,2023-11-17 00:00:00,2023-11-17 00:00:00
10,Lombard Bickford,sdevon9@printfriendly.com,gQ8=DG`SN9ttO\i,2023-11-17 00:00:00,2023-11-17 00:00:00
11,Leanora Morville,chowlinga@prweb.com,fR1|!{=}v\t&+1@`,2023-11-17 00:00:00,2023-11-17 00:00:00
12,Bartlet Brickham,ngunthorpb@hugedomains.com,hT3!EY\J,2023-11-17 00:00:00,2023-11-17 00:00:00
13,Amelia Seaborne,cbeagriec@icq.com,mI5&khwbT)D=n,2023-11-17 00:00:00,2023-11-17 00:00:00
14,Inna Pilling,jriachd@hugedomains.com,"hH3*VK6,",2023-11-17 00:00:00,2023-11-17 00:00:00
15,Maxwell De la Barre,wlimmere@dmoz.org,kQ1|M+=8|,2023-11-17 00:00:00,2023-11-17 00:00:00
16,Rivalee Gilkison,tettritchf@youku.com,eK3+\KX),2023-11-17 00:00:00,2023-11-17 00:00:00
17,Gwynne Spilsbury,bbysouthg@ameblo.jp,wN8@fRDn>@P,2023-11-17 00:00:00,2023-11-17 00:00:00
18,Craggie Sleet,aambageh@cbsnews.com,lG1$LgFUW,2023-11-17 00:00:00,2023-11-17 00:00:00
19,Rosemary Dominicacci,ahoundesomei@latimes.com,kP4`An1Sl,2023-11-17 00:00:00,2023-11-17 00:00:00
20,Cody Frost,bmaccrannj@about.me,"iX2,S%UU""aP/iVZ",2023-11-17 00:00:00,2023-11-17 00:00:00
21,Anson Osselton,djerransk@gmpg.org,sF8{v<7H)3oz*,2023-11-17 00:00:00,2023-11-17 00:00:00
22,Umberto Campey,bphilippl@weebly.com,xS8$LSUGzV_?aW6s,2023-11-17 00:00:00,2023-11-17 00:00:00
23,Lewiss Crannis,lmorrellm@unc.edu,aZ4*@+9J2',2023-11-17 00:00:00,2023-11-17 00:00:00
24,Sheela Gosz,twafern@chronoengine.com,zJ9+1{>6}),2023-11-17 00:00:00,2023-11-17 00:00:00
25,Bernardina Staggs,dbenniso@independent.co.uk,bB7>/SfQG?X!K/XV,2023-11-17 00:00:00,2023-11-17 00:00:00
26,Cassie Wolfers,apodburyp@imdb.com,zZ2`oaV62dK@BXk,2023-11-17 00:00:00,2023-11-17 00:00:00
27,Teddi Fouracres,wcicconettiq@alibaba.com,cI1#1=iip{1,2023-11-17 00:00:00,2023-11-17 00:00:00
28,Valery Thoumas,lfowlsr@freewebs.com,oR6_c%#ww#kc,2023-11-17 00:00:00,2023-11-17 00:00:00
29,Julissa Stirtle,gdugglebys@bluehost.com,aE9/Y|r$O=)$,2023-11-17 00:00:00,2023-11-17 00:00:00
30,Addison Ferraresi,leandre@example.com,zC4#2qnc6%Ux%T,2023-11-17 00:00:00,2023-11-17 00:00:00
31,Viviana Thomel,tgerishu@shareasale.com,aM4$m?y||R,2023-11-17 00:00:00,2023-11-17 00:00:00
32,Eulalie Hallaways,rdungev@yelp.com,dH8{$HNn8a1fULWW,2023-11-17 00:00:00,2023-11-17 00:00:00
33,Dorothy Tidbold,mbrandtsw@dion.ne.jp,mL9?HhgdNw>@4,2023-11-17 00:00:00,2023-11-17 00:00:00
34,Freda Allcroft,hallumx@senate.gov,hY2.2By_/Eu,2023-11-17 00:00:00,2023-11-17 00:00:00
35,Cornela Leopold,ghopfery@istockphoto.com,"pD0&GB{3dW,4C",2023-11-17 00:00:00,2023-11-17 00:00:00
36,Simone Herrema,atousyz@virginia.edu,"oK8/7/zYI!""(|8bd",2023-11-17 00:00:00,2023-11-17 00:00:00
37,Daniele Pilgrim,rhuddlestone10@scientificamerican.com,wY1''mQjw,2023-11-17 00:00:00,2023-11-17 00:00:00
38,Cole Ruddiforth,ddeftie11@guardian.co.uk,rI2`>AKH,2023-11-17 00:00:00,2023-11-17 00:00:00
39,Wash Athy,jlumpkin12@bravesites.com,fJ9}9v6B6jB3M,2023-11-17 00:00:00,2023-11-17 00:00:00
40,Valentine Housegoe,hroderham13@furl.net,xO1%rG{R),2023-11-17 00:00:00,2023-11-17 00:00:00
41,Fanchon Tresler,epautot14@bbc.co.uk,mB2%A*z=kV,2023-11-17 00:00:00,2023-11-17 00:00:00
42,Leda Humerstone,gkohnert15@mozilla.org,zW8$({(6fvbUU(gr,2023-11-17 00:00:00,2023-11-17 00:00:00
43,Torrance Dobbison,akarp16@rakuten.co.jp,jM9!b'bSOkD,2023-11-17 00:00:00,2023-11-17 00:00:00
44,Sully Howsley,knegro17@home.pl,"eQ7/59>`d""BWiQ",2023-11-17 00:00:00,2023-11-17 00:00:00
45,Dasya Dee,ahowat18@wikispaces.com,"pB1,uTiETY0",2023-11-17 00:00:00,2023-11-17 00:00:00
46,Thorstein Stivers,pgillmor19@acquirethisname.com,vC3=hkbS'ZEn,2023-11-17 00:00:00,2023-11-17 00:00:00
47,Fae Chatterton,lchomley1a@marketwatch.com,dN4_*/)YjJNT8,2023-11-17 00:00:00,2023-11-17 00:00:00
48,Almire Cumming,sjirus1b@shareasale.com,yO4~hM2J6UD1=j,2023-11-17 00:00:00,2023-11-17 00:00:00
49,Alix Bardwall,dsybry1c@wikimedia.org,bY9}rOuZ#AaplK,2023-11-17 00:00:00,2023-11-17 00:00:00
50,Verine Gapper,nmacilhargy1d@rediff.com,qW1~'Lte,2023-11-17 00:00:00,2023-11-17 00:00:00
51,Ransell Robion,gbouldon1e@buzzfeed.com,"xC5.RMJ|,06H<n",2023-11-17 00:00:00,2023-11-17 00:00:00
52,Mignonne Darwood,rbiner1f@creativecommons.org,wT3\l~'sJ.t0|,2023-11-17 00:00:00,2023-11-17 00:00:00
53,Kassey Skedge,thaggarty1g@gnu.org,"lK1+n#,kXzycmn%",2023-11-17 00:00:00,2023-11-17 00:00:00
54,Gerrie Kier,tchevalier1h@livejournal.com,sU5?g3hON.Q(,2023-11-17 00:00:00,2023-11-17 00:00:00
55,Addi Lye,edanis1i@tamu.edu,qH7<cx0)ES<9Ya,2023-11-17 00:00:00,2023-11-17 00:00:00
56,Hale Braunle,smcsperrin1j@weather.com,mD1\?AHe8TWfq+S_,2023-11-17 00:00:00,2023-11-17 00:00:00
57,Karlotta Deetlefs,cmaccrann1k@webeden.co.uk,qM9#C+C<|#*,2023-11-17 00:00:00,2023-11-17 00:00:00
58,Emmery McKiddin,mkoubu1l@sciencedaily.com,nG6*3R*f2$rtS8_,2023-11-17 00:00:00,2023-11-17 00:00:00
59,Claybourne Zisneros,dplampeyn1m@dyndns.org,rH0>`qF$bFrS%@KG,2023-11-17 00:00:00,2023-11-17 00:00:00
60,Fredra Plank,ahattrick1n@webs.com,gR5\>fN0QcmN=,2023-11-17 00:00:00,2023-11-17 00:00:00
61,Emogene Rosbrough,rgoneau1o@mediafire.com,xN2#<VvEeZM|w1,2023-11-17 00:00:00,2023-11-17 00:00:00
62,Rosemonde Brownsill,fhallsworth1p@issuu.com,aD0)rGxp=G*sEH1,2023-11-17 00:00:00,2023-11-17 00:00:00
63,Leonerd Sokill,bharverson1q@t.co,mZ4.ynz8,2023-11-17 00:00:00,2023-11-17 00:00:00
64,Giffy Mundow,stiffany1r@who.int,sA1\buLkSf~j?W0m,2023-11-17 00:00:00,2023-11-17 00:00:00
65,Dasi Hallede,sedworthy1s@so-net.ne.jp,"iW7#4sCdGY,wN#",2023-11-17 00:00:00,2023-11-17 00:00:00
66,Damaris Betz,mpenn1t@buzzfeed.com,hH9)ouN5,2023-11-17 00:00:00,2023-11-17 00:00:00
67,Shaylah Thiese,cjentzsch1u@nba.com,oT0)q3Pann,2023-11-17 00:00:00,2023-11-17 00:00:00
68,Leo Bartoszewicz,rzupone1v@wiley.com,"qD5_<wnX""FG",2023-11-17 00:00:00,2023-11-17 00:00:00
69,Hedy Rembrandt,wtollerton1w@uol.com.br,oB6#s`=T8l,2023-11-17 00:00:00,2023-11-17 00:00:00
70,Lynnett Hail,mcottom1x@whitehouse.gov,yU8@4aLbH7&9{2,2023-11-17 00:00:00,2023-11-17 00:00:00
71,Eleni Ather,tchritchley1y@cbsnews.com,vO3*FDtq*uqVRiLM,2023-11-17 00:00:00,2023-11-17 00:00:00
72,Willa Riggert,benticknap1z@hatena.ne.jp,gZ9=IVO*Ywextls4,2023-11-17 00:00:00,2023-11-17 00:00:00
73,Kira Gabler,sgladman20@virginia.edu,"sL5,W(~N",2023-11-17 00:00:00,2023-11-17 00:00:00
74,Hermia L'Archer,rsteabler21@indiegogo.com,"bI9'v"",GGM",2023-11-17 00:00:00,2023-11-17 00:00:00
75,Constantine Cordelle,nwickman22@paypal.com,vT1{a6LOc\tj,2023-11-17 00:00:00,2023-11-17 00:00:00
76,Ivett Tither,dswanger23@blog.com,qO8/g/r3K{FW=.t&,2023-11-17 00:00:00,2023-11-17 00:00:00
77,Mallory Orknay,rbrantzen24@craigslist.org,"xT8=,l|eW&L+k_",2023-11-17 00:00:00,2023-11-17 00:00:00
78,Zacherie Tuftin,mklossmann25@constantcontact.com,"cV1\hKD""Rm",2023-11-17 00:00:00,2023-11-17 00:00:00
79,Cairistiona Raddon,bmcgooch26@acquirethisname.com,cI4}JV!16dw.y,2023-11-17 00:00:00,2023-11-17 00:00:00
80,Odetta Conelly,jomullally27@gmpg.org,dB0?nCQB+4{j,2023-11-17 00:00:00,2023-11-17 00:00:00
81,Kyle Clemitt,choffman28@bravesites.com,yI6$'pd/yf+,2023-11-17 00:00:00,2023-11-17 00:00:00
82,Melisenda Corry,gdrogan29@51.la,oN1|tpKeVOF,2023-11-17 00:00:00,2023-11-17 00:00:00
83,Toni Handrok,akenryd2a@rambler.ru,mM8/x}A`Y,2023-11-17 00:00:00,2023-11-17 00:00:00
84,Isobel Heller,kpittam2b@economist.com,zP0/vRCsDKq/,2023-11-17 00:00:00,2023-11-17 00:00:00
85,Leo Meriton,ibewshire2c@reddit.com,pL4%97<BHa$,2023-11-17 00:00:00,2023-11-17 00:00:00
86,Clair Egar,oohms2d@163.com,fQ2)c(DPd@AY~n,2023-11-17 00:00:00,2023-11-17 00:00:00
87,Rafael Rayburn,hpaul2e@meetup.com,zI0+'Ls`.=e3Z3|,2023-11-17 00:00:00,2023-11-17 00:00:00
88,Rhys Napier,afishleigh2f@earthlink.net,lZ8)C|/4c#6,2023-11-17 00:00:00,2023-11-17 00:00:00
89,Elie Kydde,dbigrigg2g@google.co.jp,"uG2{w<9Lw7,)CM",2023-11-17 00:00:00,2023-11-17 00:00:00
90,Yelena Georgel,gmetcalf2h@sitemeter.com,bA3!FueZBWL#DSO@,2023-11-17 00:00:00,2023-11-17 00:00:00
91,Theobald Logsdail,pyegoshin2i@skyrock.com,tJ2*s$u\2W\,2023-11-17 00:00:00,2023-11-17 00:00:00
92,Vanessa McGrill,hbarles2j@nymag.com,bU8(aM7V<kNS,2023-11-17 00:00:00,2023-11-17 00:00:00
93,Humbert Padilla,bceeley2k@shop-pro.jp,nM2$M!>(u,2023-11-17 00:00:00,2023-11-17 00:00:00
94,Humbert Caselick,cpenvarden2l@lulu.com,tH9*Q21U*pE,2023-11-17 00:00:00,2023-11-17 00:00:00
95,Weidar Shelf,dgraeber2m@toplist.cz,bJ7*>G/D_@b@D4,2023-11-17 00:00:00,2023-11-17 00:00:00
96,Cordey Novill,idonnett2n@nymag.com,lQ1|TK}~x>,2023-11-17 00:00:00,2023-11-17 00:00:00
97,Dede Cahan,btrunkfield2o@gravatar.com,pA4@liYUc@H\w,2023-11-17 00:00:00,2023-11-17 00:00:00
98,Noe Chappel,rfeely2p@discovery.com,dZ8>)T/K,2023-11-17 00:00:00,2023-11-17 00:00:00
99,Brendin Chave,ametzig2q@networkadvertising.org,mE8*mF8zi>Z&(,2023-11-17 00:00:00,2023-11-17 00:00:00
100,Boyce Mulvagh,talliban2r@soup.io,qS7{i+}N,2023-11-17 00:00:00,2023-11-17 00:00:00
